Workbook

Sheet Overview
A1: Item | B1: Detail
A2: Purpose | B2: For every student prompt: (1) classify the LP level of each concept the prompt is about on that concept's own L0-L4 ladder, (2) update the student's self-updating concept map. No reply is generated and no model is trained.
A3: Knowledge graph | B3: data/chapter1_concept_graph_percpt_lp.json: 7 chapters, 70 concepts, 90 misconceptions, 350 level nodes, 900 edges.
A4: Overlay | B4: data/chapter1_execution_facts.json: code cues, word cues and 151 execution facts for the 70 concepts (draft, for teacher review).
A5: Pretrained models (not trained here) | B5: Embedder sentence-transformers/all-MiniLM-L6-v2 (similarity); NLI cross-encoder/nli-deberta-v3-small (entailment / contradiction).
A6: Level scale | B6: The graph's ladder: L0 Reference / Prestructural (start node, no requirement), L1 Surface Recognition, L2 Local Execution Tracing, L3 Relational State Reasoning, L4 Integrated Transfer & Debugging.
A7: Final level | B7: The lowest level allowed by the ladder walk and every gate. Each gate that fires records its reason on the concept node.
A8: Sheets | B8: Algorithm (13 steps in order) · Graph Edges (existing edges used) · Ladder (what each level node requires) · Evidence (E1-E4 and misconception tests) · Gates (22 gates in 6 layers) · Inference Rules (student graph) · Confidence · Thresholds (every number, edit here).
A9: How to edit | B9: Change numbers only on the Thresholds sheet (yellow cells). Gate and evidence descriptions pull those numbers by formula. Green rows on the Gates sheet are the gates added in this revision.
A10: As of | B10: 2026-10-02
A11: Code | B11: src/lp_percpt/ (knowledge, identify, evidence, ladder, student_graph, engine, render, thresholds). Tests: tests/test_lp_percpt.py.

Sheet Algorithm
A1: Step | B1: Stage | C1: Name | D1: Input | E1: Logic | F1: Graph elements used | G1: Output
A2: 1 | B2: Input | C2: Prompt gates | D2: Prompt text (+ code if any) | E2: Apply Layer 1 gates G1 Content and G2 Help-seeking before any matching. | F2: — | G2: Stop with L0 / no evidence, or continue
A3: 2 | B3: Input | C3: Split into clauses | D3: Prompt text | E3: Split at sentence ends (. ! ? ;), new lines, and 'but' / 'however' / 'whereas' / 'although'. | F3: — | G3: Clauses
A4: 3 | B4: Concept linking | C4: Link prompt to concept nodes | D4: Clauses, code | E4: Score all 70 concepts (see Evidence sheet, Concept score). Keep concepts above the keep score and the relative cut, best first, up to the maximum. Gate G3 Off-topic if none. | F4: Concept nodes; misconception edges (wrong_belief) | G4: Linked concepts, each with its matched cue / fact / misconception
A5: 4 | B5: Attribution | C5: Assign clauses to concepts | D5: Clauses, linked concepts | E5: Gate G4 Attribution: each clause gives evidence only to the concepts it names or matches. Gate G5 Weak link marks concepts found only by meaning or misconception match below the weak-link confidence. | F5: Concept nodes | G5: Clause set per concept
A6: 5 | B6: Clause filters | C6: Drop non-evidence clauses | D6: Clause set per concept | E6: Gates G6 Question, G7 Parroting, G8 Pasted code. | F6: Concept description and facts; quiz text shown | G6: Filtered clause set
A7: 6 | B7: Evidence | C7: Detect E1-E4 and misconception status | D7: Filtered clauses | E7: Run each test on the Evidence sheet against the concept's graph statements. | F7: Concept node, execution facts, prerequisite / parallel edges, misconception edges, lp_indicator boundary lists | G7: E1-E4 = met / uncertain / not met; each misconception = held / refuted / absent
A8: 7 | B8: Validity filters | C8: Drop incorrect evidence | D8: Evidence | E8: Gates G9 Wrong trace, G10 Wrong mechanism, G11 Jargon without mechanism, G12 Self-contradiction. | F8: Execution facts; edge direction | G8: Validated evidence
A9: 8 | B9: Ladder walk | C9: Find the level node | D9: Validated evidence + evidence stored on the student graph | E9: Start at concept@L0. Follow next_level edges; step up while the next level node's requirements (Ladder sheet) are met. Not met: stop. Uncertain: Gate G15 Ambiguity. | F9: next_level edges; requires links of level nodes | G9: Walk level
A10: 9 | B10: Caps | C10: Apply level caps | D10: Walk level, misconception status | E10: Gates G13 Boundary misconception, G14 Prerequisite, G12 Self-contradiction (one level down). Final level = lowest allowed. | F10: lp_indicator boundary misconceptions; prerequisite edges | G10: Prompt level per concept
A11: 10 | B11: Stability | C11: Compare with the student graph | D11: Prompt level, stored node | E11: Gates G16 No silent drop, G17 Jump, G18 Repetition, G19 Inferred-only, G20 Staleness, G21 Teacher override. | F11: Student graph | G11: Node level (observed / provisional / pinned)
A12: 11 | B12: Confidence | C12: Set confidence tier | D12: All flags | E12: See Confidence sheet. Gate G22 Hedge lowers one tier. | F12: — | G12: High / medium / low
A13: 12 | B13: Update graph | C13: Run inference rules to a fixpoint | D13: Node levels, misconception status | E13: Rules R1-R9 (Inference Rules sheet) run repeatedly until nothing changes. | F13: prerequisite, parallel, misconception edges | G13: Updated student graph
A14: 13 | B14: Output | C14: Redraw map and log | D14: Student graph | E14: Redraw the concept map. Log meaning-only matches, unlinked prompts and wrong-mechanism clauses for link maintenance (cue / misconception proposals, approved by a person). | F14: — | G14: Concept map; review log

Sheet Graph Edges
A1: Edge type | B1: Count | C1: From → to | D1: Meaning | E1: Used in
A2: lp_indicator | B2: 350 | C2: concept → its own level node (concept@L0 … @L4) | D2: Level descriptor for the concept; boundary misconceptions on L2/L3 | E2: Ladder requirements; Gate G13
A3: next_level | B3: 280 | C3: concept@Lk → concept@Lk+1 | D3: Order of the ladder (Jin order relation) | E3: Step 8 Ladder walk
A4: misconception | B4: 177 | C4: concept → misconception | D4: Half-learning that leads to a wrong rule; misconception carries wrong_belief | E4: Step 3, Step 6, Gate G13, Rule R7
A5: prerequisite | B5: 67 | C5: concept → concept | D5: A before B | E5: E3, Gate G14, Rules R5 R6 R9
A6: parallel | B6: 18 | C6: concept — concept | D6: Sibling constructs | E6: E3, E4, Rule R9
A7: chapter | B7: 8 | C7: chapter → chapter | D7: Chapter order | E7: Map layout only
A8: Total | B8: =SUM(B2:B7) -> 900
A9: Source: counts read from data/chapter1_concept_graph_percpt_lp.json (version 1.1+lp-percpt+progmiscon_by_chapter).

Sheet Ladder
A1: Level node | B1: Graph name | C1: Requires (existing graph elements) | D1: Evidence check | E1: Blocked by
A2: concept@L0 | B2: Reference / Prestructural | C2: Nothing: the start of every ladder | D2: — | E2: —
A3: concept@L1 | B3: Surface Recognition | C3: The concept node: its cues or its description | D3: E1 Reference | E3: G5 Weak link keeps a weakly linked concept here
A4: concept@L2 | B4: Local Execution Tracing | C4: The concept's execution facts, or a correct value trace | D4: E2 Execution | E4: G9 Wrong trace; G11 Jargon
A5: concept@L3 | B5: Relational State Reasoning | C5: A causal link across a prerequisite or parallel edge, or the concept's overall purpose; AND no boundary misconception (lp_indicator) held | D5: E3 Integration | E5: G13 Boundary misconception; G10 Wrong mechanism
A6: concept@L4 | B6: Integrated Transfer & Debugging | C6: A boundary misconception refuted with the correct fact, or the mechanism applied to a parallel / leads-to concept or to new code | D6: E4 Transfer / debug | E6: G12 Self-contradiction

Sheet Evidence
A1: Test | B1: Step | C1: Rule | D1: Graph elements
A2: Concept score | B2: Step 3 | C2: ="score = "&Thresholds!$C$3&" × code hits (max 2) + "&Thresholds!$C$4&" × word-cue points (max 3 cues; a multi-word phrase = 2) + "&Thresholds!$C$5&" × max(0, meaning similarity − "&Thresholds!$C$6&") + "&Thresholds!$C$7&" × max(0, misconception similarity − "&Thresholds!$C$8&"). Keep if score ≥ "&Thresholds!$C$9&" and ≥ "&Thresholds!$C$10&" × best score; at most "&Thresholds!$C$11&" concepts." -> score = 2 × code hits (max 2) + 1 × word-cue points (max 3 cues; a multi-word phrase = 2) + 4 × max(0, meaning similarity − 0.4) + 3 × max(0, misconception similarity − 0.5). Keep if score ≥ 1 and ≥ 0.5 × best score; at most 3 concepts. | D2: Concept node, overlay cues and facts, misconception wrong_belief
A3: E1 Reference | B3: Step 6 | C3: A clause matches a cue of the concept or its description (written by the student, not pasted). | D3: Concept node
A4: E2 Execution | B4: Step 6 | C4: ="A clause matches an execution fact: NLI entailment ≥ "&Thresholds!$C$14&", or similarity ≥ "&Thresholds!$C$15&" with contradiction < "&Thresholds!$C$16&". Or a correct value trace: at least two value bindings, or one binding with a step marker (first / then / next / each pass)." -> A clause matches an execution fact: NLI entailment ≥ 0.5, or similarity ≥ 0.6 with contradiction < 0.3. Or a correct value trace: at least two value bindings, or one binding with a step marker (first / then / next / each pass). | D4: Execution facts
A5: E3 Integration | B5: Step 6 | C5: E2 holds, and a clause joins this concept to a concept across a prerequisite or parallel edge with a causal word (because, so, since, until, therefore, which means, causes), or states what the code achieves as a whole (sums, counts, finds, so that, overall). | D5: prerequisite / parallel edges
A6: E4 Transfer / debug | B6: Step 6 | C6: E3 holds, and either a boundary misconception is refuted while the correct fact is stated, or a transfer marker (if we change, instead of, to fix, in general, any / every) applies the mechanism to a parallel / leads-to concept or new code. | D6: misconception edges, parallel / leads-to edges
A7: Best-match principle | B7: Step 6 | C7: A clause is judged against the graph statement it matches best. A misconception is held only if the clause matches its wrong_belief at least as well as any correct fact of the concept; a contradiction is a wrong trace only against the clause's best-matching fact. | D7: Execution facts, misconception edges
A8: Misconception held | B8: Step 6 | C8: ="Similarity ≥ "&Thresholds!$C$20&" and ≥ the clause's best fact similarity, and either NLI entailment ≥ "&Thresholds!$C$19&" (above the clause's best fact entailment) or similarity ≥ "&Thresholds!$C$21&" with contradiction < 0.3 and no negation." -> Similarity ≥ 0.62 and ≥ the clause's best fact similarity, and either NLI entailment ≥ 0.5 (above the clause's best fact entailment) or similarity ≥ 0.75 with contradiction < 0.3 and no negation. | D8: misconception edges
A9: Misconception refuted | B9: Step 6 | C9: ="The clause is not a wrong trace, and either contradicts the wrong_belief (NLI ≥ "&Thresholds!$C$18&") with similarity ≥ "&Thresholds!$C$22&" while entailing a correct fact, or matches it closely but is negated (not, never, doesn't)." -> The clause is not a wrong trace, and either contradicts the wrong_belief (NLI ≥ 0.6) with similarity ≥ 0.5 while entailing a correct fact, or matches it closely but is negated (not, never, doesn't). | D9: misconception edges
A10: No evidence | B10: Step 9 | C10: A linked concept with no E1-E4 evidence, no misconception status and no wrong trace in the prompt is reported as 'no evidence'; its node is not touched. | D10: Student graph
A11: Held and refuted together | B11: Step 6 | C11: Treated as held; confidence low. | D11: —
A12: Across prompts | B12: Step 10 | C12: Latest observation wins. Held after refuted = regression; refuted after held = repair, counted as E4 evidence. | D12: Student graph

Sheet Gates
A1: ID | B1: Layer | C1: Layer name | D1: Gate | E1: Status | F1: Applies to | G1: Test | H1: Effect | I1: Reason code
A2: G1 | B2: 1 | C2: Input | D2: Content | E2: Existing | F2: Whole prompt | G2: ="Fewer than "&Thresholds!$C$2&" meaningful words, or only filler (idk, no idea)" -> Fewer than 3 meaningful words, or only filler (idk, no idea) | H2: Level L0, confidence low; skip all later gates | I2: content
A3: G2 | B3: 1 | C3: Input | D3: Help-seeking | E3: New | F3: Whole prompt | G3: Only asks for the answer (just tell me, what's the answer) | H3: No evidence; stored level unchanged | I3: help_seeking
A4: G3 | B4: 1 | C4: Input | D4: Off-topic / unlinked | E4: New | F4: Whole prompt | G4: ="No concept scores ≥ "&Thresholds!$C$9 -> No concept scores ≥ 1 | H4: Nothing classified; prompt logged for cue review | I4: unlinked
A5: G4 | B5: 2 | C5: Attribution | D5: Attribution | E5: New | F5: Each clause | G5: Clause links to several concepts | H5: Evidence goes only to the concepts the clause names or matches | I5: attribution
A6: G5 | B6: 2 | C6: Attribution | D6: Weak link | E6: New | F6: Each concept | G6: ="Concept found only by meaning or misconception match with confidence < "&Thresholds!$C$12 -> Concept found only by meaning or misconception match with confidence < 0.5 | H6: Level capped at L1 | I6: weak_link
A7: G6 | B7: 2 | C7: Attribution | D7: Question / symptom report | E7: Existing | F7: Each clause | G7: A question (ends in ? or opens with why / how / what / does / is) with no hypothesis; or a report of an observed result (it says…, I get…, my loop / my code…) with no cause and no steps | H7: Clause keeps E1 only. A question with a hypothesis (is it because…) counts as a hedged statement | I7: question, symptom_report
A8: G7 | B8: 2 | C8: Attribution | D8: Parroting | E8: Existing | F8: Each clause | G8: ="Similarity ≥ "&Thresholds!$C$13&" to text the student was shown (quiz question, code, options)" -> Similarity ≥ 0.85 to text the student was shown (quiz question, code, options) | H8: Clause evidence dropped; if the rest supports only E1, capped at L1 | I8: parroting
A9: G8 | B9: 2 | C9: Attribution | D9: Pasted code | E9: New | F9: Code in prompt | G9: Code identical to the quiz code | H9: Treated as parroting. Student-written code counts as E1, plus E2 if it runs correctly | I9: pasted_code
A10: G9 | B10: 3 | C10: Validity | D10: Wrong trace | E10: Existing | F10: Each E2 clause | G10: ="The clause contradicts its best-matching execution fact (NLI ≥ "&Thresholds!$C$18&"); checked before anything else in the clause. Running the quiz code is not implemented yet" -> The clause contradicts its best-matching execution fact (NLI ≥ 0.6); checked before anything else in the clause. Running the quiz code is not implemented yet | H10: Clause gives no E2-E4 and cannot refute a misconception; earlier E2+ evidence on the concept must be shown again | I10: wrong_trace
A11: G10 | B11: 3 | C11: Validity | D11: Wrong mechanism | E11: New | F11: Each E3 clause | G11: ="A causal clause (because, so…) that is a wrong trace (NLI ≥ "&Thresholds!$C$18&"). Edge-direction errors are not detected yet" -> A causal clause (because, so…) that is a wrong trace (NLI ≥ 0.6). Edge-direction errors are not detected yet | H11: E3 dropped; logged as a candidate misconception | I11: wrong_mechanism
A12: G11 | B12: 3 | C12: Validity | D12: Jargon without mechanism | E12: New | F12: Each clause | G12: Technical terms (heap, reference, iteration) with no state change or cause linking them | H12: Terms count as E1 only, never E2 or E3 | I12: jargon
A13: G12 | B13: 3 | C13: Validity | D13: Self-contradiction | E13: New | F13: Whole prompt, per concept | G13: A fact and its opposite, or a correct fact next to a wrong trace | H13: Mixed: one level below the walk level, confidence low | I13: self_contradiction
A14: G13 | B14: 4 | C14: Caps | D14: Boundary misconception | E14: Existing | F14: After ladder walk | G14: A boundary misconception on the concept's lp_indicator edge is held | H14: Capped at L2; records which misconception blocked L3 | I14: boundary_misconception
A15: G14 | B15: 4 | C15: Caps | D15: Prerequisite | E15: New | F15: Reaching L3+ | G15: A prerequisite concept has a held boundary misconception | H15: Level allowed; confidence down one tier; prerequisite edge flagged | I15: prerequisite
A16: G15 | B16: 4 | C16: Caps | D16: Ambiguity | E16: Existing | F16: During ladder walk | G16: ="The deciding requirement scores in the band (similarity "&Thresholds!$C$17&" to "&Thresholds!$C$15&")" -> The deciding requirement scores in the band (similarity 0.45 to 0.6) | H16: Stay at the lower level, marked uncertain toward the next | I16: ambiguity
A17: G16 | B17: 5 | C17: Stability | D17: No silent drop | E17: Existing | F17: Stored node | G17: Prompt shows less evidence than stored | H17: Stored level kept; only G9 or G13 can lower it | I17: no_silent_drop
A18: G17 | B18: 5 | C18: Stability | D18: Jump | E18: New | F18: Stored node | G18: ="Level rises by "&Thresholds!$C$23&" or more in one prompt" -> Level rises by 2 or more in one prompt | H18: New level provisional until a later prompt repeats the evidence | I18: jump
A19: G18 | B19: 5 | C19: Stability | D19: Repetition | E19: New | F19: Stored node | G19: Same evidence repeated word for word | H19: Not new evidence; does not reset or extend a plateau | I19: repetition
A20: G19 | B20: 5 | C20: Stability | D20: Inferred-only | E20: New | F20: Stored node | G20: Level came from inference (R5), not observation | H20: Never satisfies another concept's requirement and never triggers a gap | I20: inferred_only
A21: G20 | B21: 5 | C21: Stability | D21: Staleness | E21: New | F21: Stored node | G21: ="Newest evidence for the level is more than "&Thresholds!$C$25&" sessions old" -> Newest evidence for the level is more than 3 sessions old | H21: Level marked stale on the map, not lowered | I21: stale
A22: G21 | B22: 6 | C22: Override | D22: Teacher override | E22: New | F22: Stored node | G22: A teacher sets or corrects a level | H22: Pinned; gates may raise it only with new evidence, never lower it silently | I22: teacher_override
A23: G22 | B23: 6 | C23: Confidence | D23: Hedge | E23: Existing | F23: Evidence clauses | G23: I think, maybe, probably, not sure | H23: Confidence down one tier; level unchanged | I23: hedge
A25: Summary
A26: Total gates | D26: =COUNTA(A2:A23) -> 22
A27: New in this revision | D27: =COUNTIF(E2:E23,"New") -> 14
A28: Existing | D28: =COUNTIF(E2:E23,"Existing") -> 8
A30: Layer 1 gates | D30: =COUNTIF(B2:B23,1) -> 3
A31: Layer 2 gates | D31: =COUNTIF(B2:B23,2) -> 5
A32: Layer 3 gates | D32: =COUNTIF(B2:B23,3) -> 4
A33: Layer 4 gates | D33: =COUNTIF(B2:B23,4) -> 3
A34: Layer 5 gates | D34: =COUNTIF(B2:B23,5) -> 5
A35: Layer 6 gates | D35: =COUNTIF(B2:B23,6) -> 2
A36: Order rule: Layers 2-3 decide which evidence exists, the ladder walk uses only that evidence, then Layer 4 caps apply. Final level = lowest level any gate allows.

Sheet Inference Rules
A1: Rule | B1: Name | C1: If | D1: Then
A2: R1 | B2: Accumulate | C2: A prompt satisfied a requirement | D2: Add a demonstrates link (prompt → requirement); evidence is kept across prompts
A3: R2 | B3: Position | C3: Evidence on a concept changed | D3: Re-walk its ladder from concept@L0 and move the reached link
A4: R3 | B4: Misconception cap | C4: A boundary misconception is held | D4: reached stays at or below concept@L2
A5: R4 | B5: Repair | C5: A held misconception is later refuted | D5: Remove the cap; record the repair as E4 evidence
A6: R5 | B6: Prerequisite inference | C6: A concept is reached at L2 or higher | D6: Each unassessed prerequisite is set to L1, marked inferred; never overrides an observed level
A7: R6 | B7: Gap | C7: An observed prerequisite level is lower than the level of the concept it feeds | D7: Flag the prerequisite edge as a gap
A8: R7 | B8: At risk | C8: A held misconception has misconception edges to several concepts | D8: Flag all of those concepts as at risk
A9: R8 | B9: Plateau | C9: ="Same level on "&Thresholds!$C$24&" consecutive prompts" -> Same level on 3 consecutive prompts | D9: Mark the concept as on a plateau
A10: R9 | B10: Frontier | C10: A concept is engaged | D10: Add its prerequisite / parallel neighbours to the map as unassessed
A11: Run | B11: Fixpoint | C11: After every prompt | D11: Apply R1-R9 repeatedly until no link changes

Sheet Confidence
A1: Condition | B1: Effect
A2: Start | B2: High
A3: Ambiguous step (G15) | B3: Down one tier
A4: Hedge (G22) | B4: Down one tier
A5: Prerequisite with a held boundary misconception (G14) | B5: Down one tier
A6: Held and refuted together | B6: Low
A7: Self-contradiction (G12) or Content gate (G1) | B7: Low
A8: ="Concept identification confidence below "&Thresholds!$C$26 -> Concept identification confidence below 0.6 | B8: Down one tier
A9: Floor | B9: Low

Sheet Thresholds
A1: Key | B1: Parameter | C1: Value | D1: Used in | E1: Note
A2: min_words | B2: Minimum meaningful words in a prompt | C2: 3 | D2: Gate G1 Content | E2: Stopwords and filler removed before counting
A3: w_code | B3: Weight per code-cue hit | C3: 2 | D3: Step 3 Concept linking | E3: At most 2 code hits counted
A4: w_word | B4: Weight per word-cue point | C4: 1 | D4: Step 3 Concept linking | E4: At most 3 word cues counted; a multi-word phrase cue counts 2 points
A5: w_sem | B5: Weight of meaning match above floor | C5: 4 | D5: Step 3 Concept linking | E5: Starting value; calibrate against teacher-labelled prompts
A6: sem_floor | B6: Meaning-match floor (cosine) | C6: 0.4 | D6: Step 3 Concept linking | E6: Starting value; calibrate against teacher-labelled prompts
A7: w_mis | B7: Weight of misconception match above floor | C7: 3 | D7: Step 3 Concept linking | E7: Starting value; calibrate against teacher-labelled prompts
A8: mis_floor | B8: Misconception-match floor (cosine) | C8: 0.5 | D8: Step 3 Concept linking | E8: Starting value; calibrate against teacher-labelled prompts
A9: keep | B9: Minimum concept score to keep | C9: 1 | D9: Step 3 / Gate G3 | E9: Below this for every concept = no concept identified
A10: rel_keep | B10: Keep concepts scoring at least this share of the best | C10: 0.5 | D10: Step 3 Concept linking | E10: Starting value; calibrate against teacher-labelled prompts
A11: max_c | B11: Maximum concepts per prompt | C11: 3 | D11: Step 3 Concept linking | E11: Starting value; calibrate against teacher-labelled prompts
A12: weak | B12: Weak-link confidence | C12: 0.5 | D12: Gate G5 Weak link | E12: Concept confidence = min(1, score / 3)
A13: parrot | B13: Parroting similarity | C13: 0.85 | D13: Gate G7 Parroting | E13: Against text the student was shown only (quiz question, code, options)
... A26: id_conf | B26: Identification confidence below which confidence drops | C26: 0.6 | D26: Step 11 Confidence | E26: Starting value; calibrate against teacher-labelled prompts
